USE FlexPhone

INSERT INTO MsStaff VALUES
('ST001', 'Aulia Nasution', 'AuliaNasution@sunib.edu', '2002-10-29', 'Female', '083473112179', 'Jl. Ahmad Yani no. 01', 2000000),								
('ST002', 'Tika', 'Tika@bluejack.com', '2001-02-24', 'Female', '081724131651', 'Jl. Stasiun Wonokromo no. 06', 2000000),								
('ST003', 'Hadi Susanto', 'HadiSusanto@sunib.edu', '2000-08-30', 'Male', '081426099499', 'Jl. Gunung Sari no. 04', 2000000),								
('ST004', 'Bayu', 'Bayu@bluejack.com', '2002-12-30', 'Male', '088063234630', 'Jl. Hayam Wuruk no. 03', 2000000),								
('ST005', 'Annisa Putri', 'AnnisaPutri@sunib.edu', '2001-11-12', 'Female', '088847722292', 'Jl. Gajah Mada no. 121', 2000000),								
('ST006', 'Retno', 'Retno@bluejack.com', '2000-08-15', 'Male', '086564919424', 'Jl. Ciliwung no. 56', 2500000),								
('ST007', 'Fajar', 'Fajar@sunib.edu', '1999-10-18', 'Male', '082027831699', 'Jl. Kutai no. 09', 2500000),								
('ST008', 'Ria Wulandari', 'RiaWulandari@bluejack.com', '1998-10-22', 'Female', '083103181938', 'Jl. Indragiri no. 12', 2500000),								
('ST009', 'Nurul', 'Nurul@sunib.edu', '1996-01-26', 'Female', '082455613439', 'Jl. Kebon Agung no. 09', 2500000),								
('ST010', 'Rini Susanti', 'RiniSusanti@bluejack.com', '1993-08-14', 'Female', '085838377563', 'Jl. Prapen no. 23', 2500000),								
('ST011', 'Ilham', 'Ilham@sunib.edu', '2000-11-08', 'Male', '084527534649', 'Jl. Ngagei no. 16', 2500000),								
('ST012', 'Kusuma Putra', 'KusumaPutra@bluejack.com', '2000-08-19', 'Male', '083308429511', 'Jl. Darmo no. 18', 3000000),								
('ST013', 'Rizki', 'Rizki@sunib.edu', '1990-10-11', 'Male', '083101811252', 'Jl. Pasar Kembang no. 13', 3000000),								
('ST014', 'Dinda', 'Dinda@bluejack.com', '1990-07-06', 'Female', '083909040393', 'Jl. Putat Jaya no. 17', 3000000),								
('ST015', 'Andre', 'Andre@sunib.edu', '1980-08-03', 'Male', '088928424659', 'Jl. Banyu Urip no. 101', 3000000);								


INSERT INTO MsVendor VALUES
('VE001', 'PT Kido Jaya', 'KidoJaya@sunib.edu', '087228953401', 'Jl. Zamhuri no. 45'),								
('VE002', 'PT Symrice', 'Symrice@bluejack.com', '087140783570', 'Jl. Rungkut Madya no. 111'),								
('VE003', 'PT Silabec', 'Silabec@sunib.edu', '083058476750', 'Jl. Wonoayu no. 88'),								
('VE004', 'PT Jaya Mandiri', 'JayaMandiri@bluejack.com', '085118167186', 'Jl. Gunung Anyar no. 29'),								
('VE005', 'PT Jaya Perkasa', 'JayaPerkasa@sunib.edu', '086455559082', 'Jl. Abdul Karim no. 12'),								
('VE006', 'PT Indo Perkasa', 'IndoPerkasa@bluejack.com', '083136806136', 'Jl. Medokan Keputih no. 80'),								
('VE007', 'PT Spektrum Mandiri', 'SpektrumMandiri@sunib.edu', '088062388810', 'Jl. Medokan Semampir no. 12'),								
('VE008', 'PT Bangun Sentosa', 'BangunSentosa@bluejack.com', '086002788925', 'Jl. Sukosemolo no. 43'),								
('VE009', 'PT Amanah Sejati', 'AmanahSejati@sunib.edu', '089725082220', 'Jl. Klampis Jaya no. 55'),								
('VE010', 'PT Karunia Jaya', 'KaruniaJaya@bluejack.com', '084850929593', 'Jl. Gebang Putih no. 78'),								
('VE011', 'PT Jaya Abadi', 'JayaAbadi@sunib.edu', '081158141675', 'Jl. Kejawan Gebang no. 23'),								
('VE012', 'PT Cipta Dana', 'CiptaDana@bluejack.com', '081509179071', 'Jl. Kejawan Putih no. 20'),								
('VE013', 'PT Surya Indonesia', 'SuryaIndonesia@sunib.edu', '084570984817', 'Jl. Manyar Kertoadi no. 99'),								
('VE014', 'PT Makmur Sentosa', 'MakmurSentosa@bluejack.com', '089767336581', 'Jl. Mleto no. 76'),								
('VE015', 'PT Mega Phone', 'MegaPhone@sunib.edu', '084858259102', 'Jl. Kalisari no. 40');				
			

INSERT INTO MsCustomer VALUES
('CU001', 'Ari Wibowo', 'AriWibowo@sunib.edu', '1992-12-29', 'Male', '085360377713', 'Jl. Dukuh Menanggal no. 05'),								
('CU002', 'Maria', 'Maria@bluejack.com', '2001-06-10', 'Female', '086419777319', 'Jl. Ketintang no. 11'),								
('CU003', 'Wahyu Eka', 'WahyuEka@sunib.edu', '1998-03-12', 'Male', '084236244467', 'Jl. Jemursari no. 08'),								
('CU004', 'Mila', 'Mila@bluejack.com', '2002-01-22', 'Female', '083378571599', 'Jl. Margorejo no. 22'),								
('CU005', 'Lia', 'Lia@sunib.edu', '1988-10-01', 'Female', '088694767533', 'Jl. Jemur Andayani no. 76'),								
('CU006', 'Kartika', 'Kartika@bluejack.com', '2000-08-15', 'Female', '085721757349', 'Jl. Prapen no. 59'),								
('CU007', 'Indra Jaya', 'IndraJaya@sunib.edu', '1989-04-19', 'Male', '082215401953', 'Jl. Ngagel no. 39'),								
('CU008', 'Arif', 'Arif@bluejack.com', '1978-07-14', 'Male', '089601063789', 'Jl. Bung Tomo no. 11'),								
('CU009', 'Eko', 'Eko@sunib.edu', '1999-08-13', 'Male', '084881590143', 'Jl. Kupang Gunung no. 45'),								
('CU010', 'Kurniawan', 'Kurniawan@bluejack.com', '2003-10-27', 'Male', '085013481370', 'Jl. Tidar no. 28'),								
('CU011', 'Sari', 'Sari@sunib.edu', '1986-02-28', 'Female', '084397932664', 'Jl. Blauran no. 20'),								
('CU012', 'Ajie Wibowo', 'AjieWibowo@bluejack.com', '1997-03-21', 'Male', '083307298534', 'Jl. Lontar no. 19'),								
('CU013', 'Sri', 'Sri@sunib.edu', '1966-10-16', 'Female', '081077887203', 'Jl. Kutisari Selatan no. 111'),								
('CU014', 'Tyas', 'Tyas@bluejack.com', '1983-02-03', 'Female', '084756403185', 'Jl. Wonorejo no. 90'),								
('CU015', 'Dian Sastro', 'DianSastro@sunib.edu', '1990-09-05', 'Female', '087266255048', 'Jl. Pandugo no. 88');								


INSERT INTO MsBrand VALUES
('PB001', 'Samsung'),								
('PB002', 'Apple'),								
('PB003', 'Oppo'),								
('PB004', 'Vivo'),								
('PB005', 'Xiaomi'),								
('PB006', 'Asus'),								
('PB007', 'Lenovo'),								
('PB008', 'Huawei'),								
('PB009', 'Realme'),								
('PB010', 'Infinix');								


INSERT INTO MsPhone VALUES
('PO001', 'Galaxy S21', 10000000, 'PB001'),								
('PO002', 'Iphone 13', 18000000, 'PB002'),								
('PO003', 'A37', 645000, 'PB003'),								
('PO004', 'V20', 3300000, 'PB004'),								
('PO005', 'Mi 11', 10000000, 'PB005'),								
('PO006', 'Zenfone 8', 8000000, 'PB006'),								
('PO007', 'Z5', 3200000, 'PB007'),								
('PO008', 'P30', 8000000, 'PB008'),								
('PO009', 'Narzo 20', 1500000, 'PB009'),								
('PO010', 'Note 10', 1900000, 'PB010'),								
('PO011', 'Galaxy S20', 8000000, 'PB001'),								
('PO012', 'Iphone 12', 16000000, 'PB002'),								
('PO013', 'F9', 1500000, 'PB003'),								
('PO014', 'V15', 1850000, 'PB004'),								
('PO015', 'Poco X3', 3000000, 'PB005');								
	

INSERT INTO TrPurchase VALUES
('PH001', 'ST001', 'VE001', '2022-01-01'),								
('PH002', 'ST002', 'VE002', '2022-01-02'),								
('PH003', 'ST003', 'VE003', '2022-01-03'),								
('PH004', 'ST004', 'VE004', '2022-01-04'),								
('PH005', 'ST005', 'VE005', '2022-01-05'),								
('PH006', 'ST006', 'VE006', '2022-01-06'),								
('PH007', 'ST007', 'VE007', '2022-01-07'),								
('PH008', 'ST008', 'VE008', '2022-01-08'),								
('PH009', 'ST009', 'VE009', '2022-01-09'),								
('PH010', 'ST010', 'VE010', '2022-01-10'),								
('PH011', 'ST011', 'VE011', '2022-01-11'),								
('PH012', 'ST012', 'VE012', '2022-01-12'),								
('PH013', 'ST013', 'VE013', '2022-01-13'),								
('PH014', 'ST014', 'VE014', '2022-01-14'),								
('PH015', 'ST015', 'VE015', '2022-01-15');

					
INSERT INTO TrPurchaseDetail VALUES
('PH001', 'PO001', 3),								
('PH001', 'PO002', 6),								
('PH001', 'PO003', 5),								
('PH002', 'PO004', 1),								
('PH003', 'PO005', 2),								
('PH003', 'PO006', 2),								
('PH004', 'PO007', 5),								
('PH005', 'PO008', 7),								
('PH005', 'PO009', 1),								
('PH005', 'PO010', 6),								
('PH006', 'PO011', 1),								
('PH006', 'PO012', 3),								
('PH007', 'PO013', 6),								
('PH007', 'PO014', 6),								
('PH008', 'PO015', 1),								
('PH008', 'PO001', 8),								
('PH009', 'PO002', 4),								
('PH009', 'PO003', 9),								
('PH010', 'PO004', 6),								
('PH010', 'PO005', 7),								
('PH011', 'PO006', 5),								
('PH012', 'PO007', 3),								
('PH013', 'PO008', 10),								
('PH014', 'PO009', 9),								
('PH015', 'PO010', 7);


INSERT INTO TrSales VALUES
('SH001', 'ST001', 'CU001', '2022-01-16'),								
('SH002', 'ST002', 'CU002', '2022-01-17'),								
('SH003', 'ST003', 'CU003', '2022-01-18'),								
('SH004', 'ST004', 'CU004', '2022-01-19'),								
('SH005', 'ST005', 'CU005', '2022-01-20'),								
('SH006', 'ST006', 'CU006', '2022-01-21'),								
('SH007', 'ST007', 'CU007', '2022-01-22'),								
('SH008', 'ST008', 'CU008', '2022-01-23'),								
('SH009', 'ST009', 'CU009', '2022-01-24'),								
('SH010', 'ST010', 'CU010', '2022-01-25'),								
('SH011', 'ST001', 'CU011', '2022-01-26'),								
('SH012', 'ST012', 'CU012', '2022-01-27'),								
('SH013', 'ST013', 'CU013', '2022-01-28'),								
('SH014', 'ST014', 'CU014', '2022-01-29'),								
('SH015', 'ST015', 'CU015', '2022-01-30');		

INSERT INTO TrSalesdetail VALUES 
('SH001', 'PO004', 1),								
('SH002', 'PO003', 5),								
('SH002', 'PO011', 7),								
('SH002', 'PO006', 7),								
('SH003', 'PO015', 5),								
('SH003', 'PO007', 3),								
('SH003', 'PO004', 3),								
('SH003', 'PO010', 5),								
('SH004', 'PO012', 6),								
('SH005', 'PO003', 5),								
('SH006', 'PO013', 6),								
('SH007', 'PO013', 1),								
('SH007', 'PO005', 6),								
('SH007', 'PO014', 6),								
('SH008', 'PO003', 1),								
('SH009', 'PO012', 6),								
('SH010', 'PO007', 1),								
('SH011', 'PO009', 2),								
('SH011', 'PO006', 5),								
('SH012', 'PO012', 3),								
('SH012', 'PO014', 5),								
('SH013', 'PO001', 3),								
('SH013', 'PO011', 3),								
('SH014', 'PO003', 2),								
('SH015', 'PO012', 4);	


